[
{
  "model": "admin.logentry",
  "pk": 1,
  "fields": {
    "action_time": "2025-03-11T12:04:05.107Z",
    "user": 1,
    "content_type": 7,
    "object_id": "1",
    "object_repr": "standart",
    "action_flag": 1,
    "change_message": "[{\"added\": {}}]"
  }
},
{
  "model": "admin.logentry",
  "pk": 2,
  "fields": {
    "action_time": "2025-03-11T12:04:11.840Z",
    "user": 1,
    "content_type": 7,
    "object_id": "2",
    "object_repr": "luxe",
    "action_flag": 1,
    "change_message": "[{\"added\": {}}]"
  }
},
{
  "model": "admin.logentry",
  "pk": 3,
  "fields": {
    "action_time": "2025-03-11T12:06:27.247Z",
    "user": 1,
    "content_type": 8,
    "object_id": "1",
    "object_repr": "Room object (1)",
    "action_flag": 1,
    "change_message": "[{\"added\": {}}]"
  }
},
{
  "model": "admin.logentry",
  "pk": 4,
  "fields": {
    "action_time": "2025-03-11T12:06:35.711Z",
    "user": 1,
    "content_type": 8,
    "object_id": "1",
    "object_repr": "Room object (1)",
    "action_flag": 2,
    "change_message": "[]"
  }
},
{
  "model": "admin.logentry",
  "pk": 5,
  "fields": {
    "action_time": "2025-03-11T12:09:43.292Z",
    "user": 1,
    "content_type": 8,
    "object_id": "1",
    "object_repr": "Room object (1)",
    "action_flag": 2,
    "change_message": "[{\"changed\": {\"fields\": [\"\\u041f\\u0440\\u0435\\u0432\\u044c\\u044e\"]}}]"
  }
},
{
  "model": "admin.logentry",
  "pk": 6,
  "fields": {
    "action_time": "2025-03-11T12:09:49.478Z",
    "user": 1,
    "content_type": 8,
    "object_id": "1",
    "object_repr": "Room object (1)",
    "action_flag": 2,
    "change_message": "[]"
  }
},
{
  "model": "admin.logentry",
  "pk": 7,
  "fields": {
    "action_time": "2025-03-11T12:24:54.594Z",
    "user": 1,
    "content_type": 8,
    "object_id": "1",
    "object_repr": "Room object (1)",
    "action_flag": 2,
    "change_message": "[{\"changed\": {\"fields\": [\"\\u041f\\u0440\\u0435\\u0432\\u044c\\u044e\"]}}]"
  }
},
{
  "model": "admin.logentry",
  "pk": 8,
  "fields": {
    "action_time": "2025-03-11T12:25:50.504Z",
    "user": 1,
    "content_type": 8,
    "object_id": "1",
    "object_repr": "Room object (1)",
    "action_flag": 2,
    "change_message": "[]"
  }
},
{
  "model": "admin.logentry",
  "pk": 9,
  "fields": {
    "action_time": "2025-03-11T12:26:08.906Z",
    "user": 1,
    "content_type": 8,
    "object_id": "1",
    "object_repr": "Room object (1)",
    "action_flag": 3,
    "change_message": ""
  }
},
{
  "model": "admin.logentry",
  "pk": 10,
  "fields": {
    "action_time": "2025-03-11T12:27:36.495Z",
    "user": 1,
    "content_type": 8,
    "object_id": "2",
    "object_repr": "Room object (2)",
    "action_flag": 1,
    "change_message": "[{\"added\": {}}]"
  }
},
{
  "model": "admin.logentry",
  "pk": 11,
  "fields": {
    "action_time": "2025-03-11T12:55:51.195Z",
    "user": 1,
    "content_type": 8,
    "object_id": "3",
    "object_repr": "Room object (3)",
    "action_flag": 1,
    "change_message": "[{\"added\": {}}]"
  }
},
{
  "model": "admin.logentry",
  "pk": 12,
  "fields": {
    "action_time": "2025-03-12T04:46:30.233Z",
    "user": 1,
    "content_type": 7,
    "object_id": "1",
    "object_repr": "standard",
    "action_flag": 2,
    "change_message": "[{\"changed\": {\"fields\": [\"Name\"]}}]"
  }
},
{
  "model": "admin.logentry",
  "pk": 13,
  "fields": {
    "action_time": "2025-03-12T04:58:36.461Z",
    "user": 1,
    "content_type": 8,
    "object_id": "3",
    "object_repr": "Room object (3)",
    "action_flag": 3,
    "change_message": ""
  }
},
{
  "model": "admin.logentry",
  "pk": 14,
  "fields": {
    "action_time": "2025-03-12T04:58:41.892Z",
    "user": 1,
    "content_type": 8,
    "object_id": "2",
    "object_repr": "Room object (2)",
    "action_flag": 3,
    "change_message": ""
  }
},
{
  "model": "admin.logentry",
  "pk": 15,
  "fields": {
    "action_time": "2025-03-12T05:01:18.013Z",
    "user": 1,
    "content_type": 8,
    "object_id": "5",
    "object_repr": "Room object (5)",
    "action_flag": 1,
    "change_message": "[{\"added\": {}}]"
  }
},
{
  "model": "admin.logentry",
  "pk": 16,
  "fields": {
    "action_time": "2025-03-12T05:24:51.433Z",
    "user": 1,
    "content_type": 9,
    "object_id": "1",
    "object_repr": "RoomImage object (1)",
    "action_flag": 1,
    "change_message": "[{\"added\": {}}]"
  }
},
{
  "model": "admin.logentry",
  "pk": 17,
  "fields": {
    "action_time": "2025-03-12T05:25:20.764Z",
    "user": 1,
    "content_type": 9,
    "object_id": "2",
    "object_repr": "RoomImage object (2)",
    "action_flag": 1,
    "change_message": "[{\"added\": {}}]"
  }
},
{
  "model": "admin.logentry",
  "pk": 18,
  "fields": {
    "action_time": "2025-03-12T05:25:26.692Z",
    "user": 1,
    "content_type": 9,
    "object_id": "3",
    "object_repr": "RoomImage object (3)",
    "action_flag": 1,
    "change_message": "[{\"added\": {}}]"
  }
},
{
  "model": "admin.logentry",
  "pk": 19,
  "fields": {
    "action_time": "2025-03-12T05:25:32.325Z",
    "user": 1,
    "content_type": 9,
    "object_id": "4",
    "object_repr": "RoomImage object (4)",
    "action_flag": 1,
    "change_message": "[{\"added\": {}}]"
  }
},
{
  "model": "admin.logentry",
  "pk": 20,
  "fields": {
    "action_time": "2025-03-12T05:25:38.668Z",
    "user": 1,
    "content_type": 9,
    "object_id": "5",
    "object_repr": "RoomImage object (5)",
    "action_flag": 1,
    "change_message": "[{\"added\": {}}]"
  }
},
{
  "model": "admin.logentry",
  "pk": 21,
  "fields": {
    "action_time": "2025-03-12T06:11:34.736Z",
    "user": 1,
    "content_type": 9,
    "object_id": "1",
    "object_repr": "RoomImage object (1)",
    "action_flag": 3,
    "change_message": ""
  }
},
{
  "model": "admin.logentry",
  "pk": 22,
  "fields": {
    "action_time": "2025-03-13T10:04:59.554Z",
    "user": 1,
    "content_type": 8,
    "object_id": "7",
    "object_repr": "Room object (7)",
    "action_flag": 1,
    "change_message": "[{\"added\": {}}]"
  }
},
{
  "model": "admin.logentry",
  "pk": 23,
  "fields": {
    "action_time": "2025-03-13T10:05:14.913Z",
    "user": 1,
    "content_type": 9,
    "object_id": "6",
    "object_repr": "RoomImage object (6)",
    "action_flag": 1,
    "change_message": "[{\"added\": {}}]"
  }
},
{
  "model": "admin.logentry",
  "pk": 24,
  "fields": {
    "action_time": "2025-03-13T10:05:23.525Z",
    "user": 1,
    "content_type": 9,
    "object_id": "7",
    "object_repr": "RoomImage object (7)",
    "action_flag": 1,
    "change_message": "[{\"added\": {}}]"
  }
},
{
  "model": "admin.logentry",
  "pk": 25,
  "fields": {
    "action_time": "2025-03-13T10:05:40.602Z",
    "user": 1,
    "content_type": 9,
    "object_id": "8",
    "object_repr": "RoomImage object (8)",
    "action_flag": 1,
    "change_message": "[{\"added\": {}}]"
  }
},
{
  "model": "admin.logentry",
  "pk": 26,
  "fields": {
    "action_time": "2025-03-13T10:05:50.708Z",
    "user": 1,
    "content_type": 9,
    "object_id": "9",
    "object_repr": "RoomImage object (9)",
    "action_flag": 1,
    "change_message": "[{\"added\": {}}]"
  }
},
{
  "model": "admin.logentry",
  "pk": 27,
  "fields": {
    "action_time": "2025-03-13T10:05:55.565Z",
    "user": 1,
    "content_type": 9,
    "object_id": "10",
    "object_repr": "RoomImage object (10)",
    "action_flag": 1,
    "change_message": "[{\"added\": {}}]"
  }
},
{
  "model": "admin.logentry",
  "pk": 28,
  "fields": {
    "action_time": "2025-03-13T10:06:01.888Z",
    "user": 1,
    "content_type": 9,
    "object_id": "11",
    "object_repr": "RoomImage object (11)",
    "action_flag": 1,
    "change_message": "[{\"added\": {}}]"
  }
},
{
  "model": "admin.logentry",
  "pk": 29,
  "fields": {
    "action_time": "2025-03-13T10:06:08.392Z",
    "user": 1,
    "content_type": 9,
    "object_id": "12",
    "object_repr": "RoomImage object (12)",
    "action_flag": 1,
    "change_message": "[{\"added\": {}}]"
  }
},
{
  "model": "admin.logentry",
  "pk": 30,
  "fields": {
    "action_time": "2025-03-13T10:08:10.023Z",
    "user": 1,
    "content_type": 9,
    "object_id": "13",
    "object_repr": "RoomImage object (13)",
    "action_flag": 1,
    "change_message": "[{\"added\": {}}]"
  }
},
{
  "model": "admin.logentry",
  "pk": 31,
  "fields": {
    "action_time": "2025-03-13T20:44:05.209Z",
    "user": 1,
    "content_type": 10,
    "object_id": "1",
    "object_repr": "Service object (1)",
    "action_flag": 1,
    "change_message": "[{\"added\": {}}]"
  }
},
{
  "model": "admin.logentry",
  "pk": 32,
  "fields": {
    "action_time": "2025-03-13T20:44:55.003Z",
    "user": 1,
    "content_type": 10,
    "object_id": "2",
    "object_repr": "Service object (2)",
    "action_flag": 1,
    "change_message": "[{\"added\": {}}]"
  }
},
{
  "model": "admin.logentry",
  "pk": 33,
  "fields": {
    "action_time": "2025-03-13T20:50:48.028Z",
    "user": 1,
    "content_type": 11,
    "object_id": "1",
    "object_repr": "ServiceImage object (1)",
    "action_flag": 1,
    "change_message": "[{\"added\": {}}]"
  }
},
{
  "model": "admin.logentry",
  "pk": 34,
  "fields": {
    "action_time": "2025-03-13T20:50:55.785Z",
    "user": 1,
    "content_type": 11,
    "object_id": "2",
    "object_repr": "ServiceImage object (2)",
    "action_flag": 1,
    "change_message": "[{\"added\": {}}]"
  }
},
{
  "model": "admin.logentry",
  "pk": 35,
  "fields": {
    "action_time": "2025-03-13T20:51:03.289Z",
    "user": 1,
    "content_type": 11,
    "object_id": "3",
    "object_repr": "ServiceImage object (3)",
    "action_flag": 1,
    "change_message": "[{\"added\": {}}]"
  }
},
{
  "model": "admin.logentry",
  "pk": 36,
  "fields": {
    "action_time": "2025-03-13T20:51:08.233Z",
    "user": 1,
    "content_type": 11,
    "object_id": "4",
    "object_repr": "ServiceImage object (4)",
    "action_flag": 1,
    "change_message": "[{\"added\": {}}]"
  }
},
{
  "model": "admin.logentry",
  "pk": 37,
  "fields": {
    "action_time": "2025-03-13T20:51:16.127Z",
    "user": 1,
    "content_type": 11,
    "object_id": "5",
    "object_repr": "ServiceImage object (5)",
    "action_flag": 1,
    "change_message": "[{\"added\": {}}]"
  }
},
{
  "model": "admin.logentry",
  "pk": 38,
  "fields": {
    "action_time": "2025-03-13T20:51:22.933Z",
    "user": 1,
    "content_type": 11,
    "object_id": "6",
    "object_repr": "ServiceImage object (6)",
    "action_flag": 1,
    "change_message": "[{\"added\": {}}]"
  }
},
{
  "model": "admin.logentry",
  "pk": 39,
  "fields": {
    "action_time": "2025-03-13T20:51:28.918Z",
    "user": 1,
    "content_type": 11,
    "object_id": "7",
    "object_repr": "ServiceImage object (7)",
    "action_flag": 1,
    "change_message": "[{\"added\": {}}]"
  }
},
{
  "model": "admin.logentry",
  "pk": 40,
  "fields": {
    "action_time": "2025-03-13T20:51:34.047Z",
    "user": 1,
    "content_type": 11,
    "object_id": "8",
    "object_repr": "ServiceImage object (8)",
    "action_flag": 1,
    "change_message": "[{\"added\": {}}]"
  }
},
{
  "model": "admin.logentry",
  "pk": 41,
  "fields": {
    "action_time": "2025-03-17T16:09:28.866Z",
    "user": 1,
    "content_type": 11,
    "object_id": "9",
    "object_repr": "ServiceImage object (9)",
    "action_flag": 1,
    "change_message": "[{\"added\": {}}]"
  }
},
{
  "model": "admin.logentry",
  "pk": 42,
  "fields": {
    "action_time": "2025-03-17T16:09:35.578Z",
    "user": 1,
    "content_type": 11,
    "object_id": "10",
    "object_repr": "ServiceImage object (10)",
    "action_flag": 1,
    "change_message": "[{\"added\": {}}]"
  }
},
{
  "model": "admin.logentry",
  "pk": 43,
  "fields": {
    "action_time": "2025-03-17T16:09:44.562Z",
    "user": 1,
    "content_type": 11,
    "object_id": "11",
    "object_repr": "ServiceImage object (11)",
    "action_flag": 1,
    "change_message": "[{\"added\": {}}]"
  }
},
{
  "model": "admin.logentry",
  "pk": 44,
  "fields": {
    "action_time": "2025-03-17T16:09:52.017Z",
    "user": 1,
    "content_type": 11,
    "object_id": "12",
    "object_repr": "ServiceImage object (12)",
    "action_flag": 1,
    "change_message": "[{\"added\": {}}]"
  }
},
{
  "model": "admin.logentry",
  "pk": 45,
  "fields": {
    "action_time": "2025-03-17T16:10:03.350Z",
    "user": 1,
    "content_type": 11,
    "object_id": "13",
    "object_repr": "ServiceImage object (13)",
    "action_flag": 1,
    "change_message": "[{\"added\": {}}]"
  }
},
{
  "model": "admin.logentry",
  "pk": 46,
  "fields": {
    "action_time": "2025-03-17T16:10:11.056Z",
    "user": 1,
    "content_type": 11,
    "object_id": "14",
    "object_repr": "ServiceImage object (14)",
    "action_flag": 1,
    "change_message": "[{\"added\": {}}]"
  }
},
{
  "model": "admin.logentry",
  "pk": 47,
  "fields": {
    "action_time": "2025-03-17T16:10:18.471Z",
    "user": 1,
    "content_type": 11,
    "object_id": "15",
    "object_repr": "ServiceImage object (15)",
    "action_flag": 1,
    "change_message": "[{\"added\": {}}]"
  }
},
{
  "model": "admin.logentry",
  "pk": 48,
  "fields": {
    "action_time": "2025-03-17T16:10:30.379Z",
    "user": 1,
    "content_type": 11,
    "object_id": "16",
    "object_repr": "ServiceImage object (16)",
    "action_flag": 1,
    "change_message": "[{\"added\": {}}]"
  }
},
{
  "model": "admin.logentry",
  "pk": 49,
  "fields": {
    "action_time": "2025-03-17T16:10:38.318Z",
    "user": 1,
    "content_type": 11,
    "object_id": "17",
    "object_repr": "ServiceImage object (17)",
    "action_flag": 1,
    "change_message": "[{\"added\": {}}]"
  }
},
{
  "model": "admin.logentry",
  "pk": 50,
  "fields": {
    "action_time": "2025-04-02T03:41:58.152Z",
    "user": 1,
    "content_type": 7,
    "object_id": "3",
    "object_repr": "half-luxe",
    "action_flag": 1,
    "change_message": "[{\"added\": {}}]"
  }
},
{
  "model": "admin.logentry",
  "pk": 51,
  "fields": {
    "action_time": "2025-04-02T03:45:42.327Z",
    "user": 1,
    "content_type": 8,
    "object_id": "2",
    "object_repr": "Room object (2)",
    "action_flag": 1,
    "change_message": "[{\"added\": {}}]"
  }
},
{
  "model": "admin.logentry",
  "pk": 52,
  "fields": {
    "action_time": "2025-04-02T03:46:02.089Z",
    "user": 1,
    "content_type": 9,
    "object_id": "14",
    "object_repr": "RoomImage object (14)",
    "action_flag": 1,
    "change_message": "[{\"added\": {}}]"
  }
},
{
  "model": "admin.logentry",
  "pk": 53,
  "fields": {
    "action_time": "2025-04-02T03:46:08.622Z",
    "user": 1,
    "content_type": 9,
    "object_id": "15",
    "object_repr": "RoomImage object (15)",
    "action_flag": 1,
    "change_message": "[{\"added\": {}}]"
  }
},
{
  "model": "admin.logentry",
  "pk": 54,
  "fields": {
    "action_time": "2025-04-02T03:46:19.342Z",
    "user": 1,
    "content_type": 9,
    "object_id": "16",
    "object_repr": "RoomImage object (16)",
    "action_flag": 1,
    "change_message": "[{\"added\": {}}]"
  }
},
{
  "model": "admin.logentry",
  "pk": 55,
  "fields": {
    "action_time": "2025-04-02T03:46:29.598Z",
    "user": 1,
    "content_type": 9,
    "object_id": "17",
    "object_repr": "RoomImage object (17)",
    "action_flag": 1,
    "change_message": "[{\"added\": {}}]"
  }
},
{
  "model": "admin.logentry",
  "pk": 56,
  "fields": {
    "action_time": "2025-04-02T03:46:47.588Z",
    "user": 1,
    "content_type": 9,
    "object_id": "18",
    "object_repr": "RoomImage object (18)",
    "action_flag": 1,
    "change_message": "[{\"added\": {}}]"
  }
},
{
  "model": "admin.logentry",
  "pk": 57,
  "fields": {
    "action_time": "2025-04-02T03:47:06.942Z",
    "user": 1,
    "content_type": 9,
    "object_id": "19",
    "object_repr": "RoomImage object (19)",
    "action_flag": 1,
    "change_message": "[{\"added\": {}}]"
  }
},
{
  "model": "admin.logentry",
  "pk": 58,
  "fields": {
    "action_time": "2025-04-02T03:47:15.747Z",
    "user": 1,
    "content_type": 9,
    "object_id": "20",
    "object_repr": "RoomImage object (20)",
    "action_flag": 1,
    "change_message": "[{\"added\": {}}]"
  }
},
{
  "model": "admin.logentry",
  "pk": 59,
  "fields": {
    "action_time": "2025-04-06T07:02:09.160Z",
    "user": 1,
    "content_type": 10,
    "object_id": "1",
    "object_repr": "Service object (1)",
    "action_flag": 2,
    "change_message": "[]"
  }
},
{
  "model": "admin.logentry",
  "pk": 60,
  "fields": {
    "action_time": "2025-04-06T07:02:13.898Z",
    "user": 1,
    "content_type": 10,
    "object_id": "2",
    "object_repr": "Service object (2)",
    "action_flag": 2,
    "change_message": "[]"
  }
},
{
  "model": "admin.logentry",
  "pk": 61,
  "fields": {
    "action_time": "2025-04-06T07:02:34.956Z",
    "user": 1,
    "content_type": 11,
    "object_id": "17",
    "object_repr": "ServiceImage object (17)",
    "action_flag": 2,
    "change_message": "[]"
  }
},
{
  "model": "admin.logentry",
  "pk": 62,
  "fields": {
    "action_time": "2025-04-08T15:53:26.474Z",
    "user": 1,
    "content_type": 10,
    "object_id": "1",
    "object_repr": "Service object (1)",
    "action_flag": 2,
    "change_message": "[{\"changed\": {\"fields\": [\"\\u041f\\u0440\\u0435\\u0432\\u044c\\u044e\"]}}]"
  }
},
{
  "model": "admin.logentry",
  "pk": 63,
  "fields": {
    "action_time": "2025-04-08T15:53:44.603Z",
    "user": 1,
    "content_type": 10,
    "object_id": "2",
    "object_repr": "Service object (2)",
    "action_flag": 2,
    "change_message": "[{\"changed\": {\"fields\": [\"\\u041f\\u0440\\u0435\\u0432\\u044c\\u044e\"]}}]"
  }
},
{
  "model": "admin.logentry",
  "pk": 64,
  "fields": {
    "action_time": "2025-04-17T09:21:38.212Z",
    "user": 1,
    "content_type": 8,
    "object_id": "2",
    "object_repr": "Room object (2)",
    "action_flag": 2,
    "change_message": "[{\"changed\": {\"fields\": [\"\\u041e\\u043f\\u0438\\u0441\\u0430\\u043d\\u0438\\u0435\"]}}]"
  }
},
{
  "model": "admin.logentry",
  "pk": 65,
  "fields": {
    "action_time": "2025-04-17T09:53:18.859Z",
    "user": 1,
    "content_type": 8,
    "object_id": "2",
    "object_repr": "Room object (2)",
    "action_flag": 2,
    "change_message": "[{\"changed\": {\"fields\": [\"\\u041e\\u043f\\u0438\\u0441\\u0430\\u043d\\u0438\\u0435\"]}}]"
  }
},
{
  "model": "admin.logentry",
  "pk": 66,
  "fields": {
    "action_time": "2025-04-17T14:55:33.141Z",
    "user": 1,
    "content_type": 12,
    "object_id": "1",
    "object_repr": "RoomConvenience object (1)",
    "action_flag": 1,
    "change_message": "[{\"added\": {}}]"
  }
},
{
  "model": "admin.logentry",
  "pk": 67,
  "fields": {
    "action_time": "2025-04-17T14:56:26.379Z",
    "user": 1,
    "content_type": 12,
    "object_id": "2",
    "object_repr": "RoomConvenience object (2)",
    "action_flag": 1,
    "change_message": "[{\"added\": {}}]"
  }
},
{
  "model": "admin.logentry",
  "pk": 68,
  "fields": {
    "action_time": "2025-04-17T14:57:12.987Z",
    "user": 1,
    "content_type": 12,
    "object_id": "3",
    "object_repr": "RoomConvenience object (3)",
    "action_flag": 1,
    "change_message": "[{\"added\": {}}]"
  }
},
{
  "model": "admin.logentry",
  "pk": 69,
  "fields": {
    "action_time": "2025-04-17T14:58:43.415Z",
    "user": 1,
    "content_type": 12,
    "object_id": "4",
    "object_repr": "RoomConvenience object (4)",
    "action_flag": 1,
    "change_message": "[{\"added\": {}}]"
  }
},
{
  "model": "auth.permission",
  "pk": 1,
  "fields": {
    "name": "Can add log entry",
    "content_type": 1,
    "codename": "add_logentry"
  }
},
{
  "model": "auth.permission",
  "pk": 2,
  "fields": {
    "name": "Can change log entry",
    "content_type": 1,
    "codename": "change_logentry"
  }
},
{
  "model": "auth.permission",
  "pk": 3,
  "fields": {
    "name": "Can delete log entry",
    "content_type": 1,
    "codename": "delete_logentry"
  }
},
{
  "model": "auth.permission",
  "pk": 4,
  "fields": {
    "name": "Can view log entry",
    "content_type": 1,
    "codename": "view_logentry"
  }
},
{
  "model": "auth.permission",
  "pk": 5,
  "fields": {
    "name": "Can add permission",
    "content_type": 2,
    "codename": "add_permission"
  }
},
{
  "model": "auth.permission",
  "pk": 6,
  "fields": {
    "name": "Can change permission",
    "content_type": 2,
    "codename": "change_permission"
  }
},
{
  "model": "auth.permission",
  "pk": 7,
  "fields": {
    "name": "Can delete permission",
    "content_type": 2,
    "codename": "delete_permission"
  }
},
{
  "model": "auth.permission",
  "pk": 8,
  "fields": {
    "name": "Can view permission",
    "content_type": 2,
    "codename": "view_permission"
  }
},
{
  "model": "auth.permission",
  "pk": 9,
  "fields": {
    "name": "Can add group",
    "content_type": 3,
    "codename": "add_group"
  }
},
{
  "model": "auth.permission",
  "pk": 10,
  "fields": {
    "name": "Can change group",
    "content_type": 3,
    "codename": "change_group"
  }
},
{
  "model": "auth.permission",
  "pk": 11,
  "fields": {
    "name": "Can delete group",
    "content_type": 3,
    "codename": "delete_group"
  }
},
{
  "model": "auth.permission",
  "pk": 12,
  "fields": {
    "name": "Can view group",
    "content_type": 3,
    "codename": "view_group"
  }
},
{
  "model": "auth.permission",
  "pk": 13,
  "fields": {
    "name": "Can add user",
    "content_type": 4,
    "codename": "add_user"
  }
},
{
  "model": "auth.permission",
  "pk": 14,
  "fields": {
    "name": "Can change user",
    "content_type": 4,
    "codename": "change_user"
  }
},
{
  "model": "auth.permission",
  "pk": 15,
  "fields": {
    "name": "Can delete user",
    "content_type": 4,
    "codename": "delete_user"
  }
},
{
  "model": "auth.permission",
  "pk": 16,
  "fields": {
    "name": "Can view user",
    "content_type": 4,
    "codename": "view_user"
  }
},
{
  "model": "auth.permission",
  "pk": 17,
  "fields": {
    "name": "Can add content type",
    "content_type": 5,
    "codename": "add_contenttype"
  }
},
{
  "model": "auth.permission",
  "pk": 18,
  "fields": {
    "name": "Can change content type",
    "content_type": 5,
    "codename": "change_contenttype"
  }
},
{
  "model": "auth.permission",
  "pk": 19,
  "fields": {
    "name": "Can delete content type",
    "content_type": 5,
    "codename": "delete_contenttype"
  }
},
{
  "model": "auth.permission",
  "pk": 20,
  "fields": {
    "name": "Can view content type",
    "content_type": 5,
    "codename": "view_contenttype"
  }
},
{
  "model": "auth.permission",
  "pk": 21,
  "fields": {
    "name": "Can add session",
    "content_type": 6,
    "codename": "add_session"
  }
},
{
  "model": "auth.permission",
  "pk": 22,
  "fields": {
    "name": "Can change session",
    "content_type": 6,
    "codename": "change_session"
  }
},
{
  "model": "auth.permission",
  "pk": 23,
  "fields": {
    "name": "Can delete session",
    "content_type": 6,
    "codename": "delete_session"
  }
},
{
  "model": "auth.permission",
  "pk": 24,
  "fields": {
    "name": "Can view session",
    "content_type": 6,
    "codename": "view_session"
  }
},
{
  "model": "auth.permission",
  "pk": 25,
  "fields": {
    "name": "Can add room category",
    "content_type": 7,
    "codename": "add_roomcategory"
  }
},
{
  "model": "auth.permission",
  "pk": 26,
  "fields": {
    "name": "Can change room category",
    "content_type": 7,
    "codename": "change_roomcategory"
  }
},
{
  "model": "auth.permission",
  "pk": 27,
  "fields": {
    "name": "Can delete room category",
    "content_type": 7,
    "codename": "delete_roomcategory"
  }
},
{
  "model": "auth.permission",
  "pk": 28,
  "fields": {
    "name": "Can view room category",
    "content_type": 7,
    "codename": "view_roomcategory"
  }
},
{
  "model": "auth.permission",
  "pk": 29,
  "fields": {
    "name": "Can add room",
    "content_type": 8,
    "codename": "add_room"
  }
},
{
  "model": "auth.permission",
  "pk": 30,
  "fields": {
    "name": "Can change room",
    "content_type": 8,
    "codename": "change_room"
  }
},
{
  "model": "auth.permission",
  "pk": 31,
  "fields": {
    "name": "Can delete room",
    "content_type": 8,
    "codename": "delete_room"
  }
},
{
  "model": "auth.permission",
  "pk": 32,
  "fields": {
    "name": "Can view room",
    "content_type": 8,
    "codename": "view_room"
  }
},
{
  "model": "auth.permission",
  "pk": 33,
  "fields": {
    "name": "Can add room image",
    "content_type": 9,
    "codename": "add_roomimage"
  }
},
{
  "model": "auth.permission",
  "pk": 34,
  "fields": {
    "name": "Can change room image",
    "content_type": 9,
    "codename": "change_roomimage"
  }
},
{
  "model": "auth.permission",
  "pk": 35,
  "fields": {
    "name": "Can delete room image",
    "content_type": 9,
    "codename": "delete_roomimage"
  }
},
{
  "model": "auth.permission",
  "pk": 36,
  "fields": {
    "name": "Can view room image",
    "content_type": 9,
    "codename": "view_roomimage"
  }
},
{
  "model": "auth.permission",
  "pk": 37,
  "fields": {
    "name": "Can add Услуга",
    "content_type": 10,
    "codename": "add_service"
  }
},
{
  "model": "auth.permission",
  "pk": 38,
  "fields": {
    "name": "Can change Услуга",
    "content_type": 10,
    "codename": "change_service"
  }
},
{
  "model": "auth.permission",
  "pk": 39,
  "fields": {
    "name": "Can delete Услуга",
    "content_type": 10,
    "codename": "delete_service"
  }
},
{
  "model": "auth.permission",
  "pk": 40,
  "fields": {
    "name": "Can view Услуга",
    "content_type": 10,
    "codename": "view_service"
  }
},
{
  "model": "auth.permission",
  "pk": 41,
  "fields": {
    "name": "Can add service image",
    "content_type": 11,
    "codename": "add_serviceimage"
  }
},
{
  "model": "auth.permission",
  "pk": 42,
  "fields": {
    "name": "Can change service image",
    "content_type": 11,
    "codename": "change_serviceimage"
  }
},
{
  "model": "auth.permission",
  "pk": 43,
  "fields": {
    "name": "Can delete service image",
    "content_type": 11,
    "codename": "delete_serviceimage"
  }
},
{
  "model": "auth.permission",
  "pk": 44,
  "fields": {
    "name": "Can view service image",
    "content_type": 11,
    "codename": "view_serviceimage"
  }
},
{
  "model": "auth.permission",
  "pk": 45,
  "fields": {
    "name": "Can add Удобства",
    "content_type": 12,
    "codename": "add_roomconvenience"
  }
},
{
  "model": "auth.permission",
  "pk": 46,
  "fields": {
    "name": "Can change Удобства",
    "content_type": 12,
    "codename": "change_roomconvenience"
  }
},
{
  "model": "auth.permission",
  "pk": 47,
  "fields": {
    "name": "Can delete Удобства",
    "content_type": 12,
    "codename": "delete_roomconvenience"
  }
},
{
  "model": "auth.permission",
  "pk": 48,
  "fields": {
    "name": "Can view Удобства",
    "content_type": 12,
    "codename": "view_roomconvenience"
  }
},
{
  "model": "auth.user",
  "pk": 1,
  "fields": {
    "password": "pbkdf2_sha256$600000$btiTHb4B34qhXA6a9YpqiL$9QTB95okCrh+7OfIdwkMoHggbf9JFS8pn6MZqO77ya4=",
    "last_login": "2025-04-17T14:28:07.386Z",
    "is_superuser": true,
    "username": "dima",
    "first_name": "",
    "last_name": "",
    "email": "platovdima6@gmail.com",
    "is_staff": true,
    "is_active": true,
    "date_joined": "2025-03-10T09:45:43.399Z",
    "groups": [],
    "user_permissions": []
  }
},
{
  "model": "contenttypes.contenttype",
  "pk": 1,
  "fields": {
    "app_label": "admin",
    "model": "logentry"
  }
},
{
  "model": "contenttypes.contenttype",
  "pk": 2,
  "fields": {
    "app_label": "auth",
    "model": "permission"
  }
},
{
  "model": "contenttypes.contenttype",
  "pk": 3,
  "fields": {
    "app_label": "auth",
    "model": "group"
  }
},
{
  "model": "contenttypes.contenttype",
  "pk": 4,
  "fields": {
    "app_label": "auth",
    "model": "user"
  }
},
{
  "model": "contenttypes.contenttype",
  "pk": 5,
  "fields": {
    "app_label": "contenttypes",
    "model": "contenttype"
  }
},
{
  "model": "contenttypes.contenttype",
  "pk": 6,
  "fields": {
    "app_label": "sessions",
    "model": "session"
  }
},
{
  "model": "contenttypes.contenttype",
  "pk": 7,
  "fields": {
    "app_label": "main",
    "model": "roomcategory"
  }
},
{
  "model": "contenttypes.contenttype",
  "pk": 8,
  "fields": {
    "app_label": "main",
    "model": "room"
  }
},
{
  "model": "contenttypes.contenttype",
  "pk": 9,
  "fields": {
    "app_label": "main",
    "model": "roomimage"
  }
},
{
  "model": "contenttypes.contenttype",
  "pk": 10,
  "fields": {
    "app_label": "main",
    "model": "service"
  }
},
{
  "model": "contenttypes.contenttype",
  "pk": 11,
  "fields": {
    "app_label": "main",
    "model": "serviceimage"
  }
},
{
  "model": "contenttypes.contenttype",
  "pk": 12,
  "fields": {
    "app_label": "main",
    "model": "roomconvenience"
  }
},
{
  "model": "sessions.session",
  "pk": "2t6sj3ks8emk8t1e1sw20x8dikctn7bp",
  "fields": {
    "session_data": ".eJxVjMEOwiAQRP-FsyHAtggevfsNZBdYqRpISnsy_rtt0oNe5jDvzbxFwHUpYe15DlMSF6HF6bcjjM9cd5AeWO9NxlaXeSK5K_KgXd5ayq_r4f4dFOxlW6uzS8YiWecNGQcEGlQewVjwWg2Qt2BtISr2nCITe6eRsrJMHodRfL64Djdn:1tzoyx:LbgwnQMtEwxtW5naycJFMUlKwH2_Kj7PplQZCFaTE20",
    "expire_date": "2025-04-16T03:41:39.849Z"
  }
},
{
  "model": "sessions.session",
  "pk": "cpdrxlm6ld6sxjmnzeyrfwsa5jiki8et",
  "fields": {
    "session_data": ".eJxVjMEOwiAQRP-FsyHAtggevfsNZBdYqRpISnsy_rtt0oNe5jDvzbxFwHUpYe15DlMSF6HF6bcjjM9cd5AeWO9NxlaXeSK5K_KgXd5ayq_r4f4dFOxlW6uzS8YiWecNGQcEGlQewVjwWg2Qt2BtISr2nCITe6eRsrJMHodRfL64Djdn:1u5QDn:iOAUNKpdQGcZ2Z0ORvgKut_9ybU6cW8tKgZoBp3MHuQ",
    "expire_date": "2025-05-01T14:28:07.388Z"
  }
},
{
  "model": "sessions.session",
  "pk": "ju5sqo2gvez8h4oqet726iqozor54x2x",
  "fields": {
    "session_data": ".eJxVjMEOwiAQRP-FsyHAtggevfsNZBdYqRpISnsy_rtt0oNe5jDvzbxFwHUpYe15DlMSF6HF6bcjjM9cd5AeWO9NxlaXeSK5K_KgXd5ayq_r4f4dFOxlW6uzS8YiWecNGQcEGlQewVjwWg2Qt2BtISr2nCITe6eRsrJMHodRfL64Djdn:1tuD0H:v9JyEhhT7AtzsldLR-gZkBRs7q-E5b1NskKg6kacyFQ",
    "expire_date": "2025-03-31T16:07:49.818Z"
  }
},
{
  "model": "sessions.session",
  "pk": "llny2vzs17ji0tm667jfmqtb0y0guqfm",
  "fields": {
    "session_data": ".eJxVjMEOwiAQRP-FsyHAtggevfsNZBdYqRpISnsy_rtt0oNe5jDvzbxFwHUpYe15DlMSF6HF6bcjjM9cd5AeWO9NxlaXeSK5K_KgXd5ayq_r4f4dFOxlW6uzS8YiWecNGQcEGlQewVjwWg2Qt2BtISr2nCITe6eRsrJMHodRfL64Djdn:1u5LQn:N7IVOr_DVlSM-I8FYjBIr_FdFCtNetGDDFV1XAWXy8Y",
    "expire_date": "2025-05-01T09:21:13.146Z"
  }
},
{
  "model": "sessions.session",
  "pk": "v7uwvm08xob2s9zmo1voojkb6xytv7om",
  "fields": {
    "session_data": ".eJxVjMEOwiAQRP-FsyHAtggevfsNZBdYqRpISnsy_rtt0oNe5jDvzbxFwHUpYe15DlMSF6HF6bcjjM9cd5AeWO9NxlaXeSK5K_KgXd5ayq_r4f4dFOxlW6uzS8YiWecNGQcEGlQewVjwWg2Qt2BtISr2nCITe6eRsrJMHodRfL64Djdn:1tryAR:M30P6_HBzpHtNhor55DCSMMlbHCcjx-oaF_NqrSlG9I",
    "expire_date": "2025-03-25T11:53:03.528Z"
  }
},
{
  "model": "main.roomcategory",
  "pk": 1,
  "fields": {
    "name": "standard"
  }
},
{
  "model": "main.roomcategory",
  "pk": 2,
  "fields": {
    "name": "luxe"
  }
},
{
  "model": "main.roomcategory",
  "pk": 3,
  "fields": {
    "name": "half-luxe"
  }
},
{
  "model": "main.room",
  "pk": 2,
  "fields": {
    "name": "Полулюкс №2",
    "description": "Тихий уголок для двоих, где время замедляет свой бег. Просторный номер с высокими потолками и мягким светом, в котором уютно расположилась роскошная двуспальная кровать с невесомым бельём. За широкими окнами — шепот листвы и пение птиц, а внутри — гармония натурального дерева, тёплого камня и нежных тканей.\r\n\r\nУтром вас разбудит аромат свежесваренного кофе из собственной кофемашины, а вечером можно принять ванну с видом на закат. Здесь каждая деталь создана для отдыха: от гипоаллергенного текстиля до бесшумного кондиционера.\r\n\r\nИдеальное место, где даже воздух пропитан спокойствием.",
    "price": 3600,
    "category": 3,
    "preview": "room_previews/photo_2_2025-04-02_06-45-17.jpg"
  }
},
{
  "model": "main.room",
  "pk": 5,
  "fields": {
    "name": "Стандарт №5",
    "description": "Шикарная комната",
    "price": 3500,
    "category": 1,
    "preview": "room_previews/room5-preview_hXIfjf2.jpeg"
  }
},
{
  "model": "main.room",
  "pk": 7,
  "fields": {
    "name": "Люкс №7",
    "description": "Хороший номер",
    "price": 3900,
    "category": 2,
    "preview": "room_previews/photo_1_2025-03-13_13-04-37.jpg"
  }
},
{
  "model": "main.service",
  "pk": 1,
  "fields": {
    "name": "Банкетный зал",
    "description": "Крутой зал",
    "price": 1000,
    "isSpecial": false,
    "preview": "services_previews/photo_3_2025-03-13_23-50-35.jpg"
  }
},
{
  "model": "main.service",
  "pk": 2,
  "fields": {
    "name": "Саунa",
    "description": "Прекрасная сауна",
    "price": 1500,
    "isSpecial": false,
    "preview": "services_previews/photo_1_2025-03-17_19-08-55.jpg"
  }
},
{
  "model": "main.serviceimage",
  "pk": 1,
  "fields": {
    "service": 1,
    "image": "service_images/1/photo_1_2025-03-13_23-50-35.jpg"
  }
},
{
  "model": "main.serviceimage",
  "pk": 2,
  "fields": {
    "service": 1,
    "image": "service_images/1/photo_2_2025-03-13_23-50-35.jpg"
  }
},
{
  "model": "main.serviceimage",
  "pk": 3,
  "fields": {
    "service": 1,
    "image": "service_images/1/photo_3_2025-03-13_23-50-35.jpg"
  }
},
{
  "model": "main.serviceimage",
  "pk": 4,
  "fields": {
    "service": 1,
    "image": "service_images/1/photo_4_2025-03-13_23-50-35.jpg"
  }
},
{
  "model": "main.serviceimage",
  "pk": 5,
  "fields": {
    "service": 1,
    "image": "service_images/1/photo_5_2025-03-13_23-50-35.jpg"
  }
},
{
  "model": "main.serviceimage",
  "pk": 6,
  "fields": {
    "service": 1,
    "image": "service_images/1/photo_6_2025-03-13_23-50-35.jpg"
  }
},
{
  "model": "main.serviceimage",
  "pk": 7,
  "fields": {
    "service": 1,
    "image": "service_images/1/photo_7_2025-03-13_23-50-35.jpg"
  }
},
{
  "model": "main.serviceimage",
  "pk": 8,
  "fields": {
    "service": 1,
    "image": "service_images/1/photo_8_2025-03-13_23-50-35.jpg"
  }
},
{
  "model": "main.serviceimage",
  "pk": 9,
  "fields": {
    "service": 2,
    "image": "service_images/2/photo_1_2025-03-17_19-08-55.jpg"
  }
},
{
  "model": "main.serviceimage",
  "pk": 10,
  "fields": {
    "service": 2,
    "image": "service_images/2/photo_2_2025-03-17_19-08-55.jpg"
  }
},
{
  "model": "main.serviceimage",
  "pk": 11,
  "fields": {
    "service": 2,
    "image": "service_images/2/photo_3_2025-03-17_19-08-55.jpg"
  }
},
{
  "model": "main.serviceimage",
  "pk": 12,
  "fields": {
    "service": 2,
    "image": "service_images/2/photo_4_2025-03-17_19-08-55.jpg"
  }
},
{
  "model": "main.serviceimage",
  "pk": 13,
  "fields": {
    "service": 2,
    "image": "service_images/2/photo_5_2025-03-17_19-08-55.jpg"
  }
},
{
  "model": "main.serviceimage",
  "pk": 14,
  "fields": {
    "service": 2,
    "image": "service_images/2/photo_6_2025-03-17_19-08-55.jpg"
  }
},
{
  "model": "main.serviceimage",
  "pk": 15,
  "fields": {
    "service": 2,
    "image": "service_images/2/photo_8_2025-03-17_19-08-55.jpg"
  }
},
{
  "model": "main.serviceimage",
  "pk": 16,
  "fields": {
    "service": 2,
    "image": "service_images/2/photo_10_2025-03-17_19-08-55.jpg"
  }
},
{
  "model": "main.serviceimage",
  "pk": 17,
  "fields": {
    "service": 2,
    "image": "service_images/2/photo_11_2025-03-17_19-08-55.jpg"
  }
},
{
  "model": "main.roomimage",
  "pk": 2,
  "fields": {
    "room": 5,
    "image": "room_images/5/photo_4_2025-03-12_08-24-21.jpg"
  }
},
{
  "model": "main.roomimage",
  "pk": 3,
  "fields": {
    "room": 5,
    "image": "room_images/5/photo_3_2025-03-12_08-24-21.jpg"
  }
},
{
  "model": "main.roomimage",
  "pk": 4,
  "fields": {
    "room": 5,
    "image": "room_images/5/photo_2_2025-03-12_08-24-21.jpg"
  }
},
{
  "model": "main.roomimage",
  "pk": 5,
  "fields": {
    "room": 5,
    "image": "room_images/5/photo_1_2025-03-12_08-24-21_UA36rgB.jpg"
  }
},
{
  "model": "main.roomimage",
  "pk": 6,
  "fields": {
    "room": 7,
    "image": "room_images/7/photo_1_2025-03-13_13-04-37.jpg"
  }
},
{
  "model": "main.roomimage",
  "pk": 7,
  "fields": {
    "room": 7,
    "image": "room_images/7/photo_2_2025-03-13_13-04-37.jpg"
  }
},
{
  "model": "main.roomimage",
  "pk": 8,
  "fields": {
    "room": 7,
    "image": "room_images/7/photo_3_2025-03-13_13-04-37.jpg"
  }
},
{
  "model": "main.roomimage",
  "pk": 9,
  "fields": {
    "room": 7,
    "image": "room_images/7/photo_4_2025-03-13_13-04-37.jpg"
  }
},
{
  "model": "main.roomimage",
  "pk": 10,
  "fields": {
    "room": 7,
    "image": "room_images/7/photo_5_2025-03-13_13-04-37.jpg"
  }
},
{
  "model": "main.roomimage",
  "pk": 11,
  "fields": {
    "room": 7,
    "image": "room_images/7/photo_6_2025-03-13_13-04-37.jpg"
  }
},
{
  "model": "main.roomimage",
  "pk": 12,
  "fields": {
    "room": 7,
    "image": "room_images/7/photo_7_2025-03-13_13-04-37.jpg"
  }
},
{
  "model": "main.roomimage",
  "pk": 13,
  "fields": {
    "room": 7,
    "image": "room_images/7/photo_10_2025-03-13_13-04-37.jpg"
  }
},
{
  "model": "main.roomimage",
  "pk": 14,
  "fields": {
    "room": 2,
    "image": "room_images/2/photo_2_2025-04-02_06-45-17.jpg"
  }
},
{
  "model": "main.roomimage",
  "pk": 15,
  "fields": {
    "room": 2,
    "image": "room_images/2/photo_3_2025-04-02_06-45-17.jpg"
  }
},
{
  "model": "main.roomimage",
  "pk": 16,
  "fields": {
    "room": 2,
    "image": "room_images/2/photo_5_2025-04-02_06-45-17.jpg"
  }
},
{
  "model": "main.roomimage",
  "pk": 17,
  "fields": {
    "room": 2,
    "image": "room_images/2/photo_7_2025-04-02_06-45-17.jpg"
  }
},
{
  "model": "main.roomimage",
  "pk": 18,
  "fields": {
    "room": 2,
    "image": "room_images/2/photo_12_2025-04-02_06-45-17.jpg"
  }
},
{
  "model": "main.roomimage",
  "pk": 19,
  "fields": {
    "room": 2,
    "image": "room_images/2/photo_14_2025-04-02_06-45-17.jpg"
  }
},
{
  "model": "main.roomimage",
  "pk": 20,
  "fields": {
    "room": 2,
    "image": "room_images/2/photo_17_2025-04-02_06-45-17.jpg"
  }
},
{
  "model": "main.roomconvenience",
  "pk": 1,
  "fields": {
    "name": "телевизор",
    "image": "room_convenience_icons/tv.png",
    "price": 0,
    "rooms": [
      2,
      5,
      7
    ]
  }
},
{
  "model": "main.roomconvenience",
  "pk": 2,
  "fields": {
    "name": "курение запрещено",
    "image": "room_convenience_icons/no-smoking.png",
    "price": 0,
    "rooms": [
      2,
      5,
      7
    ]
  }
},
{
  "model": "main.roomconvenience",
  "pk": 3,
  "fields": {
    "name": "кондиционер",
    "image": "room_convenience_icons/air-conditioner.png",
    "price": 0,
    "rooms": [
      2,
      5,
      7
    ]
  }
},
{
  "model": "main.roomconvenience",
  "pk": 4,
  "fields": {
    "name": "двуместная кровать",
    "image": "room_convenience_icons/double-bed.png",
    "price": 0,
    "rooms": [
      5,
      7
    ]
  }
}
]
